{"IcoMoonType":"selection","icons":[{"icon":{"paths":["M512 786.286v-109.714c0-10.286-8-18.286-18.286-18.286h-109.714c-10.286 0-18.286 8-18.286 18.286v109.714c0 10.286 8 18.286 18.286 18.286h109.714c10.286 0 18.286-8 18.286-18.286zM658.286 402.286c0-104.571-109.714-182.857-208-182.857-93.143 0-162.857 40-212 121.714-5.143 8-2.857 18.286 4.571 24l75.429 57.143c2.857 2.286 6.857 3.429 10.857 3.429 5.143 0 10.857-2.286 14.286-6.857 26.857-34.286 38.286-44.571 49.143-52.571 9.714-6.857 28.571-13.714 49.143-13.714 36.571 0 70.286 23.429 70.286 48.571 0 29.714-15.429 44.571-50.286 60.571-40.571 18.286-96 65.714-96 121.143v20.571c0 10.286 8 18.286 18.286 18.286h109.714c10.286 0 18.286-8 18.286-18.286v0c0-13.143 16.571-41.143 43.429-56.571 43.429-24.571 102.857-57.714 102.857-144.571zM877.714 512c0 242.286-196.571 438.857-438.857 438.857s-438.857-196.571-438.857-438.857 196.571-438.857 438.857-438.857 438.857 196.571 438.857 438.857z"],"width":877.7142857142857,"attrs":[],"isMulticolor":false,"isMulticolor2":false,"tags":["question-circle"],"defaultCode":61529,"grid":14},"attrs":[],"properties":{"name":"help","id":88,"order":3,"prevSize":28,"code":61529},"setIdx":0,"setId":1,"iconIdx":88},{"icon":{"paths":["M365.714 512v292.571h-146.286v-292.571h146.286zM585.143 219.429v585.143h-146.286v-585.143h146.286zM1170.286 877.714v73.143h-1170.286v-877.714h73.143v804.571h1097.143zM804.571 365.714v438.857h-146.286v-438.857h146.286zM1024 146.286v658.286h-146.286v-658.286h146.286z"],"width":1170.2857142857142,"attrs":[],"isMulticolor":false,"isMulticolor2":false,"tags":["bar-chart","bar-chart-o"],"defaultCode":61568,"grid":14},"attrs":[],"properties":{"name":"stats","id":121,"order":2,"prevSize":28,"code":61568},"setIdx":0,"setId":1,"iconIdx":121}],"height":1024,"metadata":{"name":"icomoon"},"preferences":{"showGlyphs":true,"showCodes":true,"showQuickUse":true,"showQuickUse2":true,"showSVGs":true,"fontPref":{"prefix":"icon-","metadata":{"fontFamily":"icomoon"},"metrics":{"emSize":1024,"baseline":6.25,"whitespace":50},"embed":false},"imagePref":{"prefix":"icon-","png":true,"useClassSelector":true,"color":0,"bgColor":16777215},"historySize":50}}